1 Iztočnica,1 Pojavna oblika,Spletna stran,
Adam Tončka,Tončka Adam,https://okupacijskemeje.si/exh04-ch07.html,
Adlešič Katica,Katica Adlešič,https://okupacijskemeje.si/exh04-ch07.html,
Ajlec Kornelija,Kornelija Ajlec,https://okupacijskemeje.si/exh01-ch12.html,
Ajlec Kornelija,Kornelija Ajlec,https://okupacijskemeje.si/exh01-ch12.html,
Balantič Ana,Balantič,https://okupacijskemeje.si/exh03-ch09.html,
Balantič Ana,Balantič,https://okupacijskemeje.si/en-exh03-ch09.html,
Balkovec Bojan,Bojan Balkovec,https://okupacijskemeje.si/exh01-ch03.html,
Balkovec Bojan,Bojan Balkovec,https://okupacijskemeje.si/exh01-ch03.html,
Balkovec Bojan,Bojan Balkovec,https://okupacijskemeje.si/exh04-ch01.html,
Balkovec Bojan,Bojan Balkovec,https://okupacijskemeje.si/exh01-ch07.html,
Balkovec Bojan,Bojan Balkovec,https://okupacijskemeje.si/exh01-ch11.html,
Belcer Anton,Anton Belcer,https://okupacijskemeje.si/exh02-ch03.html,
Belcer Anton,Anton,https://okupacijskemeje.si/exh02-ch03.html,
Beričič Marjan,Marjan Beričič,https://okupacijskemeje.si/exh03-ch02.html,
Bezenšek Sonja,Sonja Bezenšek,https://okupacijskemeje.si/exh04-ch01.html,
Bezenšek Sonja,Sonja Bezenšek,https://okupacijskemeje.si/exh04-ch01.html,
Bezenšek Sonja,Sonja Bezenšek,https://okupacijskemeje.si/exh04-ch04.html,
Bezenšek Sonja,Sonja Bezenšek,https://okupacijskemeje.si/exh01-ch07.html,
Bezenšek Sonja,Sonja Bezenšek,https://okupacijskemeje.si/exh04-en-ch01.html,
Bezenšek Sonja,Sonja Bezenšek,https://okupacijskemeje.si/exh04-en-ch01.html,
Bezenšek Sonja,Sonja Bezenšek,https://okupacijskemeje.si/exh04-ch05.html,
Bezenšek Sonja,Sonja Bezenšek,https://okupacijskemeje.si/exh04-ch06.html,
Bezenšek Sonja,Sonja Bezenšek,https://okupacijskemeje.si/exh04-ch07.html,
Bezenšek Sonja,Sonja Bezenšek,https://okupacijskemeje.si/exh01-ch07.html,
Blažič Ivan,Blažič Ivan,https://okupacijskemeje.si/exh03-ch08.html,
Blažič Ivan,Blažič Ivan,https://okupacijskemeje.si/en-exh03-ch08.html,
Bodjaveršek Albin,Bodjaveršek Albin,https://okupacijskemeje.si/exh02-ch03.html,
Bogdanovič Gabre,Gabre Bogdanovič,https://okupacijskemeje.si/exh01-ch07.html,
Bogdanović Gabre,Gabre Bogdanović,https://okupacijskemeje.si/exh04-ch05.html,
Bračika Janko,Janka Bračike,,
Breg Valjavec Mateja,Mateja Breg Valjavec,https://okupacijskemeje.si/exh05-ch11.html,
Breg Valjavec Mateja,Mateja Breg Valjavec,https://okupacijskemeje.si/en-exh05-ch11.html,
Bresnica Franc,Franca Bresnica,https://okupacijskemeje.si/exh03-ch08.html,
Brežinšek Ludvik,Ludvik Brežinšek,https://okupacijskemeje.si/exh02-ch02.html,
Broz Josip - Tito,Josipa Broza Tita,https://okupacijskemeje.si/exh01-ch09.html,
"Broz Josip, Tito",Tito,https://okupacijskemeje.si/en-exh02-ch07.html,
"Broz Josip, Tito",Tito,https://okupacijskemeje.si/exh02-ch07.html,
Car Danica,Danica Car,https://okupacijskemeje.si/exh04-ch06.html,
Cassanego Emilio,Emiliu Cassanegu,https://okupacijskemeje.si/exh04-ch06.html,
Cassanego Emilio,Emilio Cassanego,https://okupacijskemeje.si/exh04-ch06.html,
Cepuder Alfons,Cepuder Alfons,https://okupacijskemeje.si/exh02-ch03.html,
Ciglič Rok,Rok Ciglič,https://okupacijskemeje.si/exh05-ch08.html,
Ciglič Rok,Rok Ciglič,https://okupacijskemeje.si/en-exh05-ch08.html,
Ciglič Rok,Rok Ciglič,https://okupacijskemeje.si/exh05-ch11.html,
Ciglič Rok,Rok Ciglič,https://okupacijskemeje.si/en-exh05-ch11.html,
Ciglič Rok,Rok Ciglič,https://okupacijskemeje.si/exh01-ch07.html,
Ciglič Rok,Rok Ciglič,https://okupacijskemeje.si/exh01-ch08.html,
Ciglič Rok,Rok Ciglič,https://okupacijskemeje.si/exh01-ch12.html,
Cuccu Giovanni,Giovanni Cuccu - Ivo,https://okupacijskemeje.si/exh04-ch06.html,
Cuccu Giovanni,Cuccu,https://okupacijskemeje.si/exh04-ch06.html,
Čadonič,Čadonič,https://okupacijskemeje.si/exh04-ch08.html,
Čadonič,Markovi,https://okupacijskemeje.si/exh04-ch08.html,
Čadonič Franc,"Franc Čadonič pri osebi Franc Čadonič je potrebno paziti ker sta to dve osebi enakega imena in priimka, sta pa si tudi v sorodu.",https://okupacijskemeje.si/exh04-ch08.html,
Čadonič Franc,Franc,https://okupacijskemeje.si/exh04-ch08.html,
Čadonič Franc,Franca,https://okupacijskemeje.si/exh04-ch08.html,
Čadonič Franc,Francu Čadoniču,https://okupacijskemeje.si/exh04-ch08.html,
Čadonič Frančiška,Frančiška Erdeljac,https://okupacijskemeje.si/exh04-ch08.html,
Čadonič Frančiška,Frančiške Erdeljac,https://okupacijskemeje.si/exh04-ch08.html,
Čadonič Frančiška,Birička,https://okupacijskemeje.si/exh04-ch08.html,
Čadonič Jože,Jožetom,https://okupacijskemeje.si/exh04-ch08.html,
Čadonič Jože,Jože Čadonič,https://okupacijskemeje.si/exh04-ch08.html,
Čadonič Jože,Jože,https://okupacijskemeje.si/exh04-ch08.html,
Čadonič Jože,Jožeta,https://okupacijskemeje.si/exh04-ch08.html,
Čadonič Jože,Jožetu Čadoniču,https://okupacijskemeje.si/exh04-ch08.html,
Čadonič Marija,Marija,https://okupacijskemeje.si/exh04-ch08.html,
Čadonič Marko,Marko Čadonič,https://okupacijskemeje.si/exh04-ch08.html,
Čadonič Marko,Marka Čadoniča,https://okupacijskemeje.si/exh04-ch08.html,
Čadonič Marko,Marka,https://okupacijskemeje.si/exh04-ch08.html,
Čadonič mlajši Franc,Franc Čadonič,https://okupacijskemeje.si/exh04-ch08.html,
Čadonič mlajši Marko,Marko,https://okupacijskemeje.si/exh04-ch08.html,
Čadonič mlajši Marko,Marko Čadonič,https://okupacijskemeje.si/exh04-ch08.html,
Čemas Franc,Francu Čemasu,https://okupacijskemeje.si/exh04-ch08.html,
Čemas Franc,Franc Čemas,https://okupacijskemeje.si/exh04-ch08.html,
Čemas Ivan,Ivan,https://okupacijskemeje.si/exh04-ch08.html,
Čemas Jože,Jože Čemas,https://okupacijskemeje.si/exh04-ch08.html,
Čonč Regina,Regine Čonč,https://okupacijskemeje.si/exh02-ch02.html,
Čonč Vili,Vili Čonč,https://okupacijskemeje.si/exh02-ch02.html,
Čop Darka,Darinka (Darka) Šimec,https://okupacijskemeje.si/exh04-ch06.html,
Čop Darka,Darka Čop,https://okupacijskemeje.si/exh04-ch06.html,
Čop Darka,Darka,https://okupacijskemeje.si/exh04-ch06.html,
Dorfmeister Anton,Anton Dorfmeister,,
Drakulić Niko,Niko Drakulić,https://okupacijskemeje.si/exh04-ch06.html,
Drimel Marija,Marije Drimel,https://okupacijskemeje.si/exh02-ch03.html,
Driml Leon,Leona Drimla,https://okupacijskemeje.si/exh02-ch03.html,
Driml Maša,Maše,https://okupacijskemeje.si/exh02-ch03.html,
Drofenik Antonija,Antonije Drofenik,https://okupacijskemeje.si/exh02-ch02.html,
Eržen Aleksander,Aleksander Eržen,https://okupacijskemeje.si/exh03-ch08.html,
Eržen Aleksander,Aleksander Eržen,https://okupacijskemeje.si/en-exh03-ch08.html,
Eržen Bogomir,Bogomir Eržen,https://okupacijskemeje.si/exh03-ch08.html,
Eržen Bogomir,Bogomir Eržen,https://okupacijskemeje.si/en-exh03-ch08.html,
Eržen Danijel,Danijel (brat),https://okupacijskemeje.si/exh03-ch08.html,
Eržen Danijel,Danijel,https://okupacijskemeje.si/en-exh03-ch08.html,
Eržen Katarina,Katarina Eržen,https://okupacijskemeje.si/exh03-ch09.html,
Ferenc Tone,Ferenc T.,https://okupacijskemeje.si/exh04-ch01.html,
Ferjančič Miha,Miha Ferjančič,https://okupacijskemeje.si/exh03-ch09.html,
Ferjančič Miha,Miha Ferjančič,https://okupacijskemeje.si/en-exh03-ch09.html,
Ferjančič Miha,Miha Ferjančič,https://okupacijskemeje.si/exh03-ch02.html,
Ferjančič Miha,Miha Ferjančič,https://okupacijskemeje.si/exh03-ch03.html,
Filipič Jereb,Jereb Filipič,https://okupacijskemeje.si/en-exh03-ch09.html,
Flajšman Božidar,Božidar Flajšman,https://okupacijskemeje.si/exh01-ch06.html,
Flajšman Božidar,Božidar Flajšman,https://okupacijskemeje.si/exh03-ch02.html,
Flajšman Božidar,Božidar Flajšman,https://okupacijskemeje.si/exh05-ch12.html,
Flajšman Božidar,Božidar Flajšman,https://okupacijskemeje.si/en-exh05-ch12.html,
Flajšman Božidar,Božidar Flajšman,https://okupacijskemeje.si/exh01-ch03.html,
Flajšman Božidar,Božidar Flajšman,https://okupacijskemeje.si/exh03-ch08.html,
Flajšman Božidar,Božidar Flajšman,https://okupacijskemeje.si/exh04-ch01.html,
Flajšman Božidar,Božidar Flajšman,https://okupacijskemeje.si/exh04-ch01.html,
Flajšman Božidar,Božidar Flajšman,https://okupacijskemeje.si/exh04-ch01.html,
Flajšman Božidar,Božidar Flajšman,https://okupacijskemeje.si/exh04-ch01.html,
Flajšman Božidar,Božidar Flajšman,https://okupacijskemeje.si/exh04-ch03.html,
Flajšman Božidar,Božidar Flajšman,https://okupacijskemeje.si/exh04-ch03.html,
Flajšman Božidar,Božidar Flajšman,https://okupacijskemeje.si/exh04-ch04.html,
Flajšman Božidar,Božidar Flajšman,https://okupacijskemeje.si/exh01-ch07.html,
Flajšman Božidar,Božidar Flajšman,https://okupacijskemeje.si/exh01-ch07.html,
Flajšman Božidar,Božidar Flajšman,https://okupacijskemeje.si/exh01-ch07.html,
Flajšman Božidar,Božidar Flajšman,https://okupacijskemeje.si/exh01-ch07.html,
Flajšman Božidar,Božidar Flajšman,https://okupacijskemeje.si/exh01-ch07.html,
Flajšman Božidar,Božidar Flajšman,https://okupacijskemeje.si/exh01-ch07.html,
Flajšman Božidar,Božidar Flajšman,https://okupacijskemeje.si/exh01-ch09.html,
Flajšman Božidar,Božidar Flajšman,https://okupacijskemeje.si/exh01-ch09.html,
Flajšman Božidar,Božidar Flajšman,https://okupacijskemeje.si/exh01-ch11.html,
Flajšman Božidar,Božidar Flajšman,https://okupacijskemeje.si/exh01-ch11.html,
Flajšman Božidar,Božidar Flajšman,https://okupacijskemeje.si/exh01-ch11.html,
Flajšman Božidar,Božidar Flajšman,https://okupacijskemeje.si/exh01-ch12.html,
Flajšman Božidar,Božidar Flajšman,https://okupacijskemeje.si/exh01-ch12.html,
Flajšman Božidar,Božidar Flajšman,https://okupacijskemeje.si/exh01-ch12.html,
Flajšman Božidar,Božidar Flajšman,https://okupacijskemeje.si/exh01-ch12.html,
Flajšman Božidar,Božidar Flajšman,https://okupacijskemeje.si/exh01-ch12.html,
Flajšman Božidar,Božidar Flajšman,https://okupacijskemeje.si/exh01-ch12.html,
Flajšman Božidar,Božidar Flajšman,https://okupacijskemeje.si/en-exh03-ch08.html,
Flajšman Božidar,Božidar Flajšman,https://okupacijskemeje.si/exh04-en-ch01.html,
Flajšman Božidar,Božidar Flajšman,https://okupacijskemeje.si/exh04-en-ch01.html,
Flajšman Božidar,Božidar Flajšman,https://okupacijskemeje.si/exh04-en-ch01.html,
Flajšman Božidar,Božidar Flajšman,https://okupacijskemeje.si/exh04-en-ch03.html,
Flajšman Božidar,Božidar Flajšman,https://okupacijskemeje.si/exh04-en-ch03.html,
Flajšman Božidar,Božidar Flajšman,https://okupacijskemeje.si/exh04-ch05.html,
Flajšman Božidar,Božidar Flajšman,https://okupacijskemeje.si/exh04-ch06.html,
Flajšman Božidar,Božidar Flajšman,https://okupacijskemeje.si/exh04-ch07.html,
Flajšman Božidar,Božidar Flajšman,https://okupacijskemeje.si/exh04-ch08.html,
Flipič Jereb,Jereb Filipič,https://okupacijskemeje.si/exh03-ch09.html,
Gambara Gastone,G. Gambariju,https://okupacijskemeje.si/exh04-ch03.html,
Giuseppe Gueli,Giuseppeja Guelija,https://okupacijskemeje.si/exh03-ch01.html,
Goleš Janko (Janta),Janko (Janta) Goleš,https://okupacijskemeje.si/exh04-ch01.html,
Goleš Janko (Janta),Janko (Janta) Goleš,https://okupacijskemeje.si/exh04-en-ch01.html,
Goleš Janko (Janta),Janko Goleš,https://okupacijskemeje.si/exh04-en-ch01.html,
Göncz László,Göncz,https://okupacijskemeje.si/exh01-ch10.html,
Göncz László,Göncz,https://okupacijskemeje.si/en-exh01-ch10.html#figure-59-en,
Gračner Ivan ,Gračner ja Ivan,https://okupacijskemeje.si/exh02-ch03.html,
Halužan Mirko,"Halužan Mirko
",https://okupacijskemeje.si/exh02-ch07.html,
Halužan Mirko,"Halužan Mirko
",https://okupacijskemeje.si/en-exh02-ch07.html,
Hitler Adolf,Hitlerja,,
Hitler Adolf,Hitler,https://okupacijskemeje.si/exh01-ch01.html,
Hitler Adolf,Hitlerjevih,https://okupacijskemeje.si/exh01-ch01.html,
Hitler Adolf,Hitlerjevih,https://okupacijskemeje.si/exh03-ch07.html,
Hitler Adolf,Adolf Hitler,https://okupacijskemeje.si/exh01-ch01.html,
Hitler Adolf,Hitler,https://okupacijskemeje.si/exh01-ch01.html,
Hitler Adolf,Hitler,https://okupacijskemeje.si/exh01-ch07.html,
Hitler Adolf,Hitlerjevim,https://okupacijskemeje.si/exh02-ch02.html,
Hitler Adolf,Führer,https://okupacijskemeje.si/exh02-ch02.html,
Hitler Adolf,Hitlerjeve,https://okupacijskemeje.si/exh02-ch02.html,
Hitler Adolf,Hitler,https://okupacijskemeje.si/exh02-ch02.html,
Hitler Adolf,Hitler's,https://okupacijskemeje.si/en-exh03-ch07.html,
Ilič Zora,Zore Ilič,https://okupacijskemeje.si/exh02-ch02.html,
Ilijevski Borče,Borče Ilijevski,https://okupacijskemeje.si/exh01-ch11.html,
Jankovič Jože,Jože Jankovič,https://okupacijskemeje.si/exh01-ch07.html,
Jelenčič Marija,Marije Jelenčič,https://okupacijskemeje.si/exh04-ch01.html,
Jelenič Marija,Marija Jelenič,https://okupacijskemeje.si/exh04-en-ch01.html,
Jereb Janez,Janezu Jerebu,https://okupacijskemeje.si/exh03-ch07.html,
Jereb Janez,Janez Jereb,https://okupacijskemeje.si/en-exh03-ch07.html,
Jereb Mirko,Mirko Jereb,https://okupacijskemeje.si/exh03-ch09.html,
Jereb Mirko,Mirko Jereb,https://okupacijskemeje.si/en-exh03-ch09.html,
Jesenko Marija,Marija Jesenko,https://okupacijskemeje.si/exh03-ch09.html,
Jesenko Marija,Marija Jesenko,https://okupacijskemeje.si/en-exh03-ch09.html,
Josef Hočewa,Hočewa Josef,https://okupacijskemeje.si/exh02-ch03.html,tele štiri jaz ne najdem
Josef Munda,Munda Josef Dr.,https://okupacijskemeje.si/exh02-ch03.html,tele štiri jaz ne najdem
Josef Oreschnigg,Oreschnigg Josef ,https://okupacijskemeje.si/exh02-ch03.html,tele štiri jaz ne najdem
Josef Trofenik,Trofenik Josef,https://okupacijskemeje.si/exh02-ch03.html,tele štiri jaz ne najdem
Jug Feliks,Feliks Jug,https://okupacijskemeje.si/exh04-ch08.html,
Jug Feliks,Feliksa Juga,https://okupacijskemeje.si/exh04-ch08.html,
Jug Martina (Tinčika),Martina (Tinčika) Jug,https://okupacijskemeje.si/exh04-ch04.html,
Kamphoevener Kurt von,von Kamphoevener,https://okupacijskemeje.si/exh02-ch04.html,
Kamphoevener Kurt von,von Kamphoevener,https://okupacijskemeje.si/en-exh02-ch04.html,
Karađorđević Peter II.,Peter II. Karađorđević,https://okupacijskemeje.si/exh01-ch12.html,
Karlin M. Alma,Alma M. Karlin,https://okupacijskemeje.si/exh04-ch05.html,
Karlin M. Alma,Karlin,https://okupacijskemeje.si/exh04-ch05.html,
Karlin M. Alma,Alma M. Karlin,https://okupacijskemeje.si/exh04-ch07.html,
Karlin M. Alma,Karlin,https://okupacijskemeje.si/exh04-ch07.html,
Kasche Siegfried,S. Kasche,https://okupacijskemeje.si/exh02-ch04.html,
Kasche Siegfried,Siegfriedom Kaschejem,https://okupacijskemeje.si/exh02-ch04.html,
Kasche Siegfried,S. Kasche,https://okupacijskemeje.si/en-exh02-ch04.html,
Kavčič Ivica,Ivica Kavčič,https://okupacijskemeje.si/exh03-ch08.html,
Kavčič Ivica,Ivica Kavčič,https://okupacijskemeje.si/en-exh03-ch08.html,
Kerec Darja,Darja Kerec,https://okupacijskemeje.si/exh01-ch12.html,
Kerec Darja,Darja Kerec,https://okupacijskemeje.si/exh01-ch12.html,
Kit Maria,Kit Maria,https://okupacijskemeje.si/exh02-ch03.html,
Klemenčič Alfonz ,Alfonz Klemenčič,https://okupacijskemeje.si/exh01-ch07.html,
Klepec Jožef,Jožef Klepec,https://okupacijskemeje.si/exh04-ch05.html,
Kobal Matej,Matej Kobal,https://okupacijskemeje.si/exh03-ch03.html,
Kobal Stane,Stane Kobal,https://okupacijskemeje.si/exh03-ch03.html,
Kobetič Nežka,Nežka Kobetič,https://okupacijskemeje.si/exh04-ch06.html,
Kočevar Franc,Franc Kočevar,https://okupacijskemeje.si/exh04-ch06.html,
Koležnik Marija,Marija Koležnik,https://okupacijskemeje.si/exh04-ch04.html,
Koležnik Marija,Marija,https://okupacijskemeje.si/exh04-ch04.html,
Komarek Robert,Robert Komarek,https://okupacijskemeje.si/exh02-ch02.html,
Kopinič Daro (Božidar),Daro (Božidar) Kopinič,https://okupacijskemeje.si/exh04-ch06.html,
Kornberger Kurt,Kurt Kornberger,,
Kordež Marija,Marija Kordež,https://okupacijskemeje.si/exh04-ch07.html,
Košir Milan,Milan Košir,https://okupacijskemeje.si/exh01-ch11.html,
Košir Milan,Milan Košir,https://okupacijskemeje.si/exh01-ch11.html,
Košir Milan,Milan Košir,https://okupacijskemeje.si/exh01-ch11.html,
Krajnc Emil,Emil Krajnc,https://okupacijskemeje.si/exh02-ch07.html,
Krajnc Emil,Emil Krajnc,https://okupacijskemeje.si/en-exh02-ch07.html,
Kramarič Drago,Drago Kramarič,https://okupacijskemeje.si/exh04-ch06.html,
Kramarič Janez,Janez,https://okupacijskemeje.si/exh04-ch06.html,
Kramarič Jože,Jože,https://okupacijskemeje.si/exh04-ch06.html,
Kramarič Tone,Tone,https://okupacijskemeje.si/exh04-ch06.html,
Krantz Jožef,Krantz Jožef,https://okupacijskemeje.si/exh01-ch01.html,
Krumpak,družine Krumpak,https://okupacijskemeje.si/exh02-ch02.html,
Krumpak Ela,Ela Krumpak,https://okupacijskemeje.si/exh02-ch07.html,v besedilih Ela popraviti v Gabriela in v imensko kazalo dati le Krumpak Gabriela
Krumpak Ela,Ela Krumpak,https://okupacijskemeje.si/en-exh02-ch07.html,v besedilih Ela popraviti v Gabriela in v imensko kazalo dati le Krumpak Gabriela
"Krumpak Gabriela
","Gabriela Krumpak
",https://okupacijskemeje.si/exh02-ch07.html,
"Krumpak Gabriela
","Gabriela Krumpak
",https://okupacijskemeje.si/en-exh02-ch07.html,
Kržan Jožefa,Jožefe Kržan,https://okupacijskemeje.si/exh05-ch12.html,
Kržan Jožefa,Jožefa Kržan,https://okupacijskemeje.si/en-exh05-ch12.html,
Kumar Ciril,Ciril Kumar,https://okupacijskemeje.si/exh03-ch09.html,
Kumar Ciril,Ciril Kumar,https://okupacijskemeje.si/en-exh03-ch09.html,
Kušner Alois,Kušner Alois,https://okupacijskemeje.si/exh02-ch03.html,
Lapajne Dušan,Dušan Lapajne,https://okupacijskemeje.si/exh03-ch07.html,
Lapajne Dušan,Dušan Lapajne,https://okupacijskemeje.si/en-exh03-ch07.html,
Lorković Mladen,M. Lorković,https://okupacijskemeje.si/exh02-ch04.html,
Lorković Mladen,Mladenom Lorkovićem,https://okupacijskemeje.si/exh02-ch04.html,
Lorković Mladen,M. Lorković,https://okupacijskemeje.si/en-exh02-ch04.html,
Majcenič Josip,Josip Majcenič,https://okupacijskemeje.si/exh02-ch07.html,
Majcenič Josip,Josip Majcenič,https://okupacijskemeje.si/en-exh02-ch07.html,
Matanič,Mataničeva,https://okupacijskemeje.si/exh02-ch03.html,
Matanič Anton,Matanič Anton,https://okupacijskemeje.si/exh02-ch03.html,
Mavrič Martin,Mavrič Martin,https://okupacijskemeje.si/exh02-ch03.html,
Melik Anton,Antona Melika,https://okupacijskemeje.si/exh04-ch01.html,
Miglitsch Herbert,Herbert Miglitsch,https://okupacijskemeje.si/exh02-ch02.html,
Miglitsch Herbert,Miglitschev ,https://okupacijskemeje.si/exh02-ch02.html,
Miglitsch Herbert,Miglitsch,https://okupacijskemeje.si/exh02-ch02.html,
Miglitsch Herbert,Miglitscheva,https://okupacijskemeje.si/exh02-ch02.html,
Miglitsch Herbert,Miglitsch,https://okupacijskemeje.si/exh02-ch02.html,
Miglitsch Herbert,Miglitsch,https://okupacijskemeje.si/exh02-ch02.html,
Mikša Branko,Branko Mikša,https://okupacijskemeje.si/exh02-ch07.html,
Mikša Branko,Branko Mikša,https://okupacijskemeje.si/en-exh02-ch07.html,
Mikša Franc,Francl,https://okupacijskemeje.si/exh02-ch07.html,
Mikša Peter,Peter Mikša,https://okupacijskemeje.si/exh05-ch11.html,
Mikša Peter,Peter Mikša,https://okupacijskemeje.si/en-exh05-ch11.html,
MIkša Peter,Peter Mikša,https://okupacijskemeje.si/exh01-ch03.html,
Mikša Peter,Peter Mikša,https://okupacijskemeje.si/exh01-ch03.html,
Mikša Peter,Peter Mikša,https://okupacijskemeje.si/exh01-ch08.html,
Mikša Peter,Peter Mikša,https://okupacijskemeje.si/exh01-ch11.html,
Mikša Peter,Peter Mikša,https://okupacijskemeje.si/exh01-ch11.html,
Mikša Peter,Peter Mikša,https://okupacijskemeje.si/exh01-ch12.html,
Mikša Peter,Peter Mikša,https://okupacijskemeje.si/exh01-ch12.html,
Mikša Peter,Peter Mikša,https://okupacijskemeje.si/exh01-ch12.html,
Miška Peter,Peter Mikša,https://okupacijskemeje.si/exh01-ch11.html,
Mlakar Anton,Mlakar,https://okupacijskemeje.si/exh03-ch09.html,
Moravec Slavko,slavko Moravec,https://okupacijskemeje.si/exh03-ch01.html,
Moravec Slavko,Slavko Moravec,https://okupacijskemeje.si/exh03-ch02.html,
Moravec Slavko,Slavko Moravec,https://okupacijskemeje.si/exh03-ch03.html,
Mrak Davorin,Davorin,https://okupacijskemeje.si/exh03-ch09.html,
Mrak Davorin,Davorin Mrak,https://okupacijskemeje.si/exh03-ch09.html,
Mrak Davorin,Davorin Mrak,https://okupacijskemeje.si/en-exh03-ch09.html,
Mussolini Benito,Benito Mussolini,https://okupacijskemeje.si/exh04-ch03.html,
Nackermann Herman,Herman Nackerman,https://okupacijskemeje.si/exh02-ch02.html,
Naglič Mihael,Mihael Naglič,https://okupacijskemeje.si/exh03-ch04.html,
Naglič Peter,Naglič Peter,https://okupacijskemeje.si/exh03-ch08.html,
Naglič Peter,Naglič Peter,https://okupacijskemeje.si/en-exh03-ch08.html,
Nartnik Maruša,Maruša Nartnik,https://okupacijskemeje.si/exh01-ch11.html,
Orlič Danilo,Danilo Orlič,https://okupacijskemeje.si/exh01-ch07.html,
Orlič Danilo,Danilo Orlič,https://okupacijskemeje.si/exh01-ch07.html,
Pavel Pivk,Pavel Pivk,https://okupacijskemeje.si/exh03-ch03.html,
Pečnik Ivan,ivan Pečnik,https://okupacijskemeje.si/exh03-ch04.html,
Pečnik Ivan,Ivan Pečnik,https://okupacijskemeje.si/exh03-ch09.html,
Pečnik Ivan,Pečnik,https://okupacijskemeje.si/exh03-ch09.html,
Pečnik Ivan,Ivan Pečnik,https://okupacijskemeje.si/exh03-ch09.html,
Pečnik Ivan,Pečnik,https://okupacijskemeje.si/exh03-ch09.html,
Pečnik Ivan,Pečnik,https://okupacijskemeje.si/en-exh03-ch07.html,
Pečnik Ivan,Ivan Pečnik,https://okupacijskemeje.si/en-exh03-ch09.html,
Pečnik Ivan,Ivan Pečnik,https://okupacijskemeje.si/en-exh03-ch09.html,
Pečnik Ivan,Pečnik,https://okupacijskemeje.si/en-exh03-ch09.html,
Pelhan Franci,Franci Pelhan,https://okupacijskemeje.si/exh03-ch03.html,
Perger Johann,Perger Johann,https://okupacijskemeje.si/exh02-ch03.html,
Petek Vjekoslav,Vjekoslav Petek,https://okupacijskemeje.si/exh02-ch07.html,
Petek Vjekoslav,Vjekoslav Petek,https://okupacijskemeje.si/en-exh02-ch07.html,
Peter Weissbacher,Peter Weissbacher,https://okupacijskemeje.si/exh03-ch02.html,
Peter Weissbacher,Peter Weissbacher,https://okupacijskemeje.si/exh03-ch03.html,
Peteršič Ivan,Peteršiča Ivana,https://okupacijskemeje.si/exh01-ch12.html,
Poharc Irena ,Irene Poharc,https://okupacijskemeje.si/exh02-ch03.html,
Pokorn Jože,Jože Pokorn,https://okupacijskemeje.si/exh04-ch01.html,
Pokorn Jože,Jožeta Pokorna,https://okupacijskemeje.si/exh01-ch07.html,
Pokorn Jože,Jože Pokorn,https://okupacijskemeje.si/exh04-en-ch01.html,
Pokorn Jože,Jožeta Pokorna,https://okupacijskemeje.si/exh04-ch08.html,
Pokorn Jože,Jože Pokorn,https://okupacijskemeje.si/exh04-ch08.html,
Pokorn Jože,Pokorn,https://okupacijskemeje.si/exh04-ch08.html,
Poljanec Nani,Nani Poljanec,https://okupacijskemeje.si/exh01-ch12.html,
Poljanec Nani,Nani Poljanec,https://okupacijskemeje.si/exh02-ch02.html,
Predan Rudolf,Rudolf Predan,https://okupacijskemeje.si/exh02-ch07.html,
Predan Rudolf,Rudolf Predan,https://okupacijskemeje.si/en-exh02-ch07.html,
Premrl Janko - Vojko,Vojkovi (četi),https://okupacijskemeje.si/exh03-ch08.html,
Premrl Janko - Vojko,Vojko's unit,https://okupacijskemeje.si/en-exh03-ch08.html,
Premrl Janko - Vojko,Janka Premrla-Vojka,https://okupacijskemeje.si/exh03-ch01.html,
Premrl Janko - Vojko,Janka Premrla,https://okupacijskemeje.si/exh03-ch01.html,
Prešern Jakob,Jakob Prešern,https://okupacijskemeje.si/exh05-ch08.html,
Prešern Jakob,Jakob Prešern,https://okupacijskemeje.si/en-exh05-ch08.html,
Prešern Jakob,Jakob Prešern,https://okupacijskemeje.si/exh05-ch09.html,
Prešern Jakob,Jakob Prešern,https://okupacijskemeje.si/en-exh05-ch09.html,
Prešern Jakob,Jakob Prešern,https://okupacijskemeje.si/exh05-ch10.html,
Prešern Jakob,Jakob Prešern,https://okupacijskemeje.si/en-exh05-ch10.html,
Prešern Jakob,Jakob Prešern,https://okupacijskemeje.si/exh01-ch09.html,
Prešern Jakob,Jakob Prešern,https://okupacijskemeje.si/exh01-ch09.html,
Radkovič Zvone,Zvone Radkovič,https://okupacijskemeje.si/exh04-ch07.html,
Reich Robert,Roberta Reicha,https://okupacijskemeje.si/exh02-ch04.html,
Reich Robert,Robert Reich,https://okupacijskemeje.si/en-exh02-ch04.html,
Repe Bože,Božo Repe,https://okupacijskemeje.si/exh01-ch03.html,
Repe Bože,Božo Repe,https://okupacijskemeje.si/exh03-ch08.html,
Repe Božo,Božo Repe,https://okupacijskemeje.si/exh01-ch11.html,
Repe Božo,Božo Repe,https://okupacijskemeje.si/exh01-ch12.html,
Repe Božo,Božo Repe,https://okupacijskemeje.si/exh01-ch12.html,
Repe Božo,Božo Repe,https://okupacijskemeje.si/exh01-ch12.html,
Repe Božo,Božo Repe,https://okupacijskemeje.si/en-exh03-ch08.html,
Rink Zdravko,Zdravko Rink,https://okupacijskemeje.si/exh03-ch09.html,
Robert Reich,Roberta Reicha,https://okupacijskemeje.si/exh02-ch03.html,
Rocco,Rocco,https://okupacijskemeje.si/exh04-ch08.html,
Rosalia Matanič,Rosalia,https://okupacijskemeje.si/exh02-ch03.html,
Rösener Erwin,General Rösener,https://okupacijskemeje.si/exh05-ch08.html,
Rösener Erwin,General Rösener,https://okupacijskemeje.si/en-exh05-ch08.html,
Rösener Erwin,Erwin Rösener,https://okupacijskemeje.si/en-exh05-ch08.html,
"Rösener Erwin
",Erwin Rösener,https://okupacijskemeje.si/exh05-ch08.html,
Rudolf Predan,Predan Rudolf,https://okupacijskemeje.si/exh02-ch03.html,
Rudolf Predan,Rudolf Predan,https://okupacijskemeje.si/exh02-ch03.html,
Rupnik Franc,Franca Rupnika,https://okupacijskemeje.si/exh03-ch07.html,
Rupnik Franc,Franc Rupnik,https://okupacijskemeje.si/en-exh03-ch07.html,
Rupnik Leon,Rupnikove linije,https://okupacijskemeje.si/exh03-ch04.html,
Rupnik Leon,Rupnikova linija,https://okupacijskemeje.si/exh03-ch04.html,
Rupnik Leon,Leon Rupnik,https://okupacijskemeje.si/exh03-ch06.html,
Rupnik Leon,Leona Rupnika,https://okupacijskemeje.si/exh05-ch08.html,
Rupnik Leon,Leon Rupnik,https://okupacijskemeje.si/en-exh05-ch08.html,
Rupnik Tone,Tone Rupnik,https://okupacijskemeje.si/exh03-ch07.html,
Rupnik Tone,Tone Rupnik,https://okupacijskemeje.si/en-exh03-ch07.html,
Sametz Ignatz,Sametz Ignac,https://okupacijskemeje.si/exh02-ch03.html,
Schimmelpfennig Max,Max Schimmelpfennig,https://okupacijskemeje.si/exh05-ch08.html,
Schimmelpfennig Max,Max Schimmelpfennig,https://okupacijskemeje.si/en-exh05-ch08.html,
Selakovič Terezija,Terezija Selakovič,https://okupacijskemeje.si/exh04-ch07.html,
Selakovič Terezija,Terezijo (Zinko) Selakovič,https://okupacijskemeje.si/exh04-ch07.html,
Siter Ivan,Ivan Siter,https://okupacijskemeje.si/exh02-ch03.html,
Siter Janez,Janeza Siterja,https://okupacijskemeje.si/exh02-ch03.html,
Slavič Johann,Slavič Johann,https://okupacijskemeje.si/exh02-ch03.html,
Slevec Izidor,Izidor Slevc,https://okupacijskemeje.si/en-exh05-ch12.html,
Slevec Izidor,Izidorja Slevca,https://okupacijskemeje.si/exh05-ch12.html,
Slevec Jeli,Jeli,https://okupacijskemeje.si/exh05-ch12.html,
Slevec Jeli,Jeli,https://okupacijskemeje.si/en-exh05-ch12.html,
Starc Terezija,Terezija Starc,https://okupacijskemeje.si/exh04-ch06.html,
Starešinič Ivan,Ivan Starešinič,https://okupacijskemeje.si/exh04-ch06.html,
Starešinič Jože,Jože Starešinič,https://okupacijskemeje.si/exh04-ch08.html,
Starešinič Marija,Marija Starešinič,https://okupacijskemeje.si/exh04-ch01.html,
Starešinič Marija,Marije Starešinič,https://okupacijskemeje.si/exh04-ch01.html,
Starešinič Marija,Marija Starešinič,https://okupacijskemeje.si/exh01-ch07.html,
Starešinič Marija,Marija Starešinič,https://okupacijskemeje.si/exh01-ch07.html,
Starešinič Marija,Marija Starešinič,https://okupacijskemeje.si/exh04-en-ch01.html,
Starešinič Marija,Marija Starešinič,https://okupacijskemeje.si/exh04-en-ch01.html,
Starešinič Marija,Marije Starešinič,https://okupacijskemeje.si/exh04-ch06.html,
Stipanič Anton,Antona Stipaniča,https://okupacijskemeje.si/exh04-ch01.html,
Stipanič Anton,Anton Stipanič,https://okupacijskemeje.si/exh04-en-ch01.html,
Stipanič Anton,Anton Stipanič,https://okupacijskemeje.si/exh04-ch05.html,
Strahinić Ilija,Ilija Strahinić,https://okupacijskemeje.si/exh04-ch01.html,
Strahinić Ilija,Ilija Strahinić,https://okupacijskemeje.si/exh04-ch01.html,
Strahinić Ilija,Ilija Strahinić,https://okupacijskemeje.si/exh04-en-ch01.html,
Strahinić Ilija,Ilija Strahinić,https://okupacijskemeje.si/exh04-en-ch01.html,
Strojinc Metod,Metoda Strojinca,https://okupacijskemeje.si/exh05-ch12.html,
Strojinc Metod,Metod Strojinc,https://okupacijskemeje.si/en-exh05-ch12.html,
Šlabnik Matevž,Matevž Šlabnik,https://okupacijskemeje.si/exh03-ch01.html,
Šlabnik Matevž,Matevž Šlabnik,https://okupacijskemeje.si/exh03-ch02.html,
Špehar Ivan,Ivan Špehar,https://okupacijskemeje.si/exh04-ch05.html,
Špehar Štefka,Štefka Špehar,https://okupacijskemeje.si/exh04-ch05.html,
Štangelj Blaž,Blaž Štangelj,https://okupacijskemeje.si/exh04-ch02.html,
Štangelj Blaž,Blaž Štangelj,https://okupacijskemeje.si/exh04-ch03.html,
Štangelj Blaž,Blaž Štangelj,https://okupacijskemeje.si/exh04-ch03.html,
Štangelj Blaž,Blaž Štangelj,https://okupacijskemeje.si/exh04-ch03.html,
Štangelj Blaž,Blaž Štangelj,https://okupacijskemeje.si/exh01-ch07.html,
Štangelj Blaž,Blaž Štangelj,https://okupacijskemeje.si/exh01-ch07.html,
Štangelj Blaž,Blaž Štangelj,https://okupacijskemeje.si/exh04-en-ch02.html,
Štangelj Blaž,Blaž Štangelj,https://okupacijskemeje.si/exh04-en-ch03.html,
Štangelj Blaž,Blaž Štangelj,https://okupacijskemeje.si/exh04-en-ch03.html,
Štangelj Blaž,Blaž Štangelj,https://okupacijskemeje.si/exh04-en-ch03.html,
Štefan Mlakar,Štefan Mlakar,https://okupacijskemeje.si/exh03-ch04.html,
Štih Lojze,Lojzeta Štiha,https://okupacijskemeje.si/exh01-ch12.html,
Štingl Silvester,Silvester Štingl,https://okupacijskemeje.si/exh01-ch10.html,
Tahija Frančiška,Frančiška Tahija,https://okupacijskemeje.si/exh04-ch08.html,
Tahija Frančiška,Frančiške Tahija,https://okupacijskemeje.si/exh04-ch08.html,
Tardina Perger,Tardina,https://okupacijskemeje.si/exh02-ch03.html,
"Tičar Jure
","Jure Tičar
",https://okupacijskemeje.si/en-exh05-ch09.html,
"Tičar Jure
","Jure Tičar
",https://okupacijskemeje.si/exh05-ch09.html,
Treven Marija,Treven,https://okupacijskemeje.si/exh03-ch09.html,
Treven Marija,Treven,https://okupacijskemeje.si/en-exh03-ch09.html,
Učesanek Gustav,Gustav Učesanek,https://okupacijskemeje.si/exh02-ch02.html,
Uiberreither Siegfried,Uiberheiterja,https://okupacijskemeje.si/exh01-ch01.html,
Uiberreither Siegfried,Uiberreither,,
Urgl Vida,Vida Urgl,https://okupacijskemeje.si/exh05-ch08.html,
Urgl Vida,Vida Urgl,https://okupacijskemeje.si/en-exh05-ch08.html,
Urgl Vida,Vide Urgl,https://okupacijskemeje.si/exh05-ch12.html,
Urgl Vida,Vida Urgl,https://okupacijskemeje.si/en-exh05-ch12.html,
Uršič Janez,Janez Uršič,https://okupacijskemeje.si/exh04-ch08.html,
Vehar Maja,Maja Vehar,https://okupacijskemeje.si/exh03-ch01.html,
Vene Silvo,Silvo Vene,https://okupacijskemeje.si/exh01-ch07.html,
Vera Perger,Vera,https://okupacijskemeje.si/exh02-ch03.html,
Vida Štefan,Štefan Vida,https://okupacijskemeje.si/exh01-ch10.html,
Viler Darko,Darko Viler,https://okupacijskemeje.si/exh03-ch07.html,
Viler Darko,Darko Viler,https://okupacijskemeje.si/exh01-ch12.html,
Viler Darko,Darko Viler,https://okupacijskemeje.si/en-exh03-ch07.html,
Vinko Snoj,Snoj Vinko ,https://okupacijskemeje.si/exh02-ch03.html,
Volk Bahun Manca,Manca Volk Bahun,https://okupacijskemeje.si/exh04-ch01.html,
Volk Bahun Manca,Manca Volk Bahun,https://okupacijskemeje.si/exh02-ch04.html,
Volk Bahun Manca,Manca Volk Bahun,https://okupacijskemeje.si/exh02-ch04.html,
Weiss Boris Anton,Boris Anton Weiss,https://okupacijskemeje.si/exh04-ch01.html,
Weiss Boris Anton,Boris Anton Weiss,https://okupacijskemeje.si/exh04-en-ch01.html,
Xhoko Leo,Leo Xhoko,https://okupacijskemeje.si/exh03-ch02.html,
Zalokar Milena,Milena Zalokar,https://okupacijskemeje.si/exh05-ch12.html,
Zalokar Milena,Milena Zalokar,https://okupacijskemeje.si/en-exh05-ch12.html,
Zbil Jože,Jože Zbil,https://okupacijskemeje.si/exh02-ch07.html,
Zbil Jože,Jože Zbil,https://okupacijskemeje.si/en-exh02-ch07.html,
Zepuhar Franc,Franc Zepuhar,https://okupacijskemeje.si/exh04-ch05.html,
Zora,Zoro,https://okupacijskemeje.si/exh04-ch06.html,
Zorn Matija,Matija Zorn,https://okupacijskemeje.si/en-exh05-ch09.html,
Zorn Matija,Matija Zorn,https://okupacijskemeje.si/exh05-ch09.html,
Zorn Matija,Matija Zorn,https://okupacijskemeje.si/exh05-ch11.html,
Zorn Matija,Matija Zorn,https://okupacijskemeje.si/en-exh05-ch11.html,
Zorn Matija,Matija Zorn,https://okupacijskemeje.si/exh01-ch07.html,
Zorn Matija,Matija Zorn,https://okupacijskemeje.si/exh01-ch08.html,
Zorn Matija,Matija Zorn,https://okupacijskemeje.si/exh01-ch08.html,
Zorn Matija,Matija Zorn,https://okupacijskemeje.si/exh01-ch08.html,
Zorn Matija,Matija Zorn,https://okupacijskemeje.si/exh01-ch08.html,
Zorn Matija,Matija Zorn,https://okupacijskemeje.si/exh01-ch08.html,
Zorn Matija,Matija Zorn,https://okupacijskemeje.si/exh01-ch08.html,
Zorn Matija,Matija Zorn,https://okupacijskemeje.si/exh01-ch11.html,
Zorn Matija,Matija Zorn,https://okupacijskemeje.si/exh01-ch12.html,
Zorn Matija,Matija Zorn,https://okupacijskemeje.si/exh01-ch12.html,
Žabkar Jože Lojze,Lojze Jože Žabkar,https://okupacijskemeje.si/exh04-ch04.html,
Žabkar Jože Lojze,Žabkar,https://okupacijskemeje.si/exh04-ch04.html,
Žabkar Lojze Jože,Lojze Jože Žabkar,https://okupacijskemeje.si/exh01-ch07.html,
Žabkar Lojze Jože,Žabkar,https://okupacijskemeje.si/exh01-ch07.html,
Žakelj Jakob,Jakobu,https://okupacijskemeje.si/exh03-ch09.html,
Žakelj Jakob,Jakob,https://okupacijskemeje.si/en-exh03-ch09.html,
Žakelj Janez,Janez Žakelj,https://okupacijskemeje.si/exh03-ch09.html,
Žakelj Janez,Janez Žakelj,https://okupacijskemeje.si/en-exh03-ch09.html,
Žugelj Angela,Angela Žugelj,https://okupacijskemeje.si/exh04-ch08.html,
Žugelj Angela,Angele Žugelj,https://okupacijskemeje.si/exh04-ch08.html,